img_name,label,point_1_x,point_1_y,point_2_x,point_2_y,point_3_x,point_3_y,point_4_x,point_4_y,point_5_x,point_5_y,point_6_x,point_6_y,point_7_x,point_7_y,point_8_x,point_8_y,point_9_x,point_9_y,point_10_x,point_10_y,point_11_x,point_11_y,point_12_x,point_12_y,point_13_x,point_13_y,point_14_x,point_14_y,point_15_x,point_15_y,point_16_x,point_16_y,point_17_x,point_17_y,point_18_x,point_18_y,point_19_x,point_19_y,point_20_x,point_20_y,point_21_x,point_21_y,point_22_x,point_22_y,point_23_x,point_23_y,point_24_x,point_24_y
occ_img123.jpg,0,62,48,93,53,127,51,167,42,82,67,66,72,142,64,161,68,110,68,107,99,86,157,100,144,120,144,143,158,102,178,122,178,153,44,147,69,72,48,79,72,77,115,150,113,70,141,159,142
occ_img_119.jpg,0,43,53,92,60,122,61,182,55,76,66,52,72,148,67,174,73,108,71,106,87,82,150,101,137,115,138,143,153,101,153,115,155,162,55,155,74,59,54,69,73,66,108,156,109,66,134,159,137
occ_img_122.jpg,0,51,49,98,56,118,56,160,48,76,60,57,66,135,60,153,65,109,64,110,86,81,135,101,126,112,127,128,135,99,139,111,140,146,49,139,65,67,49,71,66,69,98,140,98,65,119,144,119
occ_img_125.jpg,0,41,41,98,55,133,55,183,44,75,60,51,64,149,60,172,65,114,68,114,108,67,149,100,151,123,151,151,146,100,174,123,173,166,46,155,67,61,43,69,66,63,113,159,113,51,133,167,130
occ_img_126.jpg,0,58,43,101,53,123,54,169,42,85,61,67,63,146,60,165,62,113,66,114,103,88,138,107,139,122,139,144,139,106,161,123,160,153,44,150,64,73,44,80,64,77,106,153,104,72,122,160,123
occ_img_127.jpg,0,48,45,100,60,119,60,173,45,78,61,55,65,142,62,164,69,108,68,106,104,73,153,96,152,117,154,143,159,93,173,115,175,154,48,147,70,65,48,71,67,65,114,150,115,57,137,159,143
occ_img_129.jpg,0,64,50,103,56,122,54,163,47,87,61,69,67,141,60,158,65,112,63,109,84,88,153,104,139,114,141,132,157,101,164,113,166,149,48,145,66,77,51,81,67,78,111,143,110,72,137,148,141
occ_img_130.jpg,0,46,43,97,52,127,51,174,44,76,63,54,67,143,61,164,66,113,66,114,100,77,159,102,148,124,148,148,159,100,200,125,201,158,44,149,67,63,44,70,67,67,126,154,128,61,143,164,143
occ_img_131.jpg,0,53,50,102,57,122,58,169,48,81,61,62,68,142,61,161,68,112,64,113,92,83,158,103,141,121,141,141,160,103,183,121,184,153,49,146,68,69,50,76,68,73,122,149,122,67,142,157,144
occ_img_132.jpg,0,58,45,100,58,122,59,164,48,80,60,60,63,140,62,157,67,113,68,116,104,75,144,103,141,124,142,144,147,98,176,122,176,150,50,143,67,72,47,74,65,72,114,147,117,59,128,160,131
occ_img_133.jpg,0,53,51,100,52,122,52,167,49,79,66,59,69,143,65,162,68,113,66,114,93,74,145,102,134,124,135,146,144,99,175,123,175,152,49,147,68,69,49,73,68,70,118,150,117,58,129,162,128
occ_img_136.jpg,0,54,55,91,49,117,47,179,47,79,71,60,80,146,65,172,72,100,64,95,80,83,167,91,128,108,127,140,166,94,198,113,199,157,42,153,72,66,49,74,78,70,131,154,130,67,151,156,150
occ_img_137.jpg,0,47,47,99,49,131,49,180,44,78,61,55,67,150,60,172,63,115,67,116,105,73,153,104,150,123,150,147,152,100,172,121,170,163,43,156,65,64,45,72,68,67,115,156,111,57,137,163,136
occ_img_138.jpg,0,62,49,103,53,131,52,169,43,85,71,65,74,145,68,162,69,116,72,113,97,67,149,97,134,121,133,150,152,97,190,123,189,155,44,149,70,76,49,79,74,73,123,151,119,51,133,166,136
occ_img_139.jpg,0,57,31,92,46,128,47,168,34,82,56,60,61,144,58,167,66,109,65,107,101,79,154,98,138,118,140,146,162,96,202,119,204,154,36,149,67,69,34,76,64,72,120,150,122,63,138,162,146
occ_img_140.jpg,0,49,46,95,55,117,54,159,43,75,61,55,63,135,59,154,61,107,65,107,97,79,136,99,127,115,126,131,132,98,152,116,151,144,45,139,62,65,48,69,64,66,101,143,100,63,120,147,116
occ_img_141.jpg,0,50,36,94,54,113,55,170,45,79,54,60,57,142,58,164,62,104,65,103,100,88,150,104,147,116,147,138,152,103,158,117,158,150,46,148,63,64,40,74,60,73,102,150,106,72,134,154,136
occ_img_142.jpg,0,46,45,101,56,119,57,176,43,75,58,53,61,144,58,165,60,110,63,108,98,74,160,97,152,117,151,141,157,97,163,118,162,157,47,149,62,64,48,69,62,65,109,153,107,58,144,157,141
occ_img_144.jpg,0,61,47,98,62,119,65,160,62,80,68,62,72,138,75,155,82,107,73,102,89,82,142,99,127,112,129,131,147,95,164,110,166,146,62,142,80,73,52,75,73,71,107,140,117,66,126,147,131
occ_img_149.jpg,0,44,45,95,55,135,55,175,47,74,61,49,67,147,60,170,66,114,68,114,105,78,155,105,147,124,145,144,149,106,171,127,168,161,48,153,67,61,47,67,68,67,111,156,109,62,139,160,133
occ_img_150.jpg,0,45,38,92,45,131,44,172,46,69,64,48,73,142,69,161,78,111,67,115,97,82,162,106,144,124,147,139,171,104,178,122,181,158,42,146,76,62,37,64,72,68,113,150,119,66,146,155,155
occ_img_151.jpg,0,52,55,84,55,89,55,150,44,76,70,62,77,126,65,149,67,88,72,82,104,86,167,88,154,104,153,136,162,94,180,111,179,128,45,134,69,62,54,72,77,71,121,141,115,70,151,152,146
occ_img_154.jpg,0,51,45,102,56,132,55,171,46,76,63,51,70,148,66,170,73,119,65,120,85,82,167,106,141,123,142,136,169,101,190,119,191,157,47,153,72,69,46,69,70,68,121,149,123,66,151,152,153
occ_img_155.jpg,0,44,49,99,51,123,46,170,38,76,67,54,75,145,62,164,67,114,67,118,91,80,157,107,141,126,141,144,158,106,181,127,181,154,38,149,68,62,47,70,74,69,121,154,114,64,141,160,142
occ_img_156.jpg,0,52,38,95,48,131,48,170,39,79,64,60,69,145,64,162,69,113,66,113,94,73,155,100,141,121,142,146,157,100,184,123,185,157,40,148,69,66,39,74,69,70,115,150,116,57,139,162,141
occ_img_157.jpg,0,55,49,96,57,118,56,170,40,82,62,62,66,144,57,165,61,107,67,104,99,78,149,97,136,117,137,141,150,96,165,117,165,152,43,149,63,69,50,76,67,70,111,151,107,62,133,157,134
occ_img_158.jpg,0,44,49,90,50,125,43,173,32,76,62,54,71,143,56,168,62,108,62,109,91,83,167,100,137,123,136,146,165,101,201,126,202,156,32,150,64,59,47,71,70,68,130,155,123,67,151,162,149
occ_img_159.jpg,0,45,41,99,53,120,53,182,45,77,57,54,60,146,59,170,64,109,65,107,96,88,161,103,152,113,152,133,161,102,172,113,173,161,46,152,64,63,43,71,62,66,111,155,114,72,145,149,145
occ_img_160.jpg,0,48,34,91,50,123,49,172,40,72,60,48,62,147,63,171,66,108,68,109,106,83,155,104,149,120,149,145,155,104,167,122,168,155,41,152,68,63,38,65,65,69,103,154,107,67,139,161,139
occ_img_162.jpg,0,55,40,97,49,127,53,169,43,79,59,55,63,146,63,166,70,115,69,114,101,76,149,101,140,120,141,145,154,98,175,119,176,155,45,151,71,69,41,71,66,69,110,150,113,60,133,161,138
occ_img_163.jpg,0,53,37,97,42,121,41,175,39,79,61,59,62,147,63,168,65,109,61,107,92,84,156,101,144,117,145,143,162,100,179,117,181,156,36,152,66,68,36,74,64,71,113,152,115,68,140,159,146
occ_img_164.jpg,0,54,27,95,48,124,51,174,39,78,54,57,54,148,60,173,62,109,67,105,97,83,148,99,140,113,141,137,155,99,159,114,161,157,42,155,64,68,33,72,59,70,95,153,101,67,132,153,139
occ_img_165.jpg,0,54,47,102,55,124,54,162,39,81,60,60,62,142,56,160,57,116,64,121,100,88,129,114,130,127,130,146,128,114,144,129,144,149,43,146,59,70,49,75,63,75,97,151,92,72,113,162,112
occ_img_167.jpg,0,58,59,99,59,112,56,163,54,82,68,65,74,139,66,157,72,105,68,100,94,82,141,96,132,113,132,140,140,97,150,113,150,145,51,143,72,71,57,78,74,74,110,144,107,66,125,156,124
occ_img_168.jpg,0,61,44,96,56,126,56,174,50,80,61,61,65,146,63,167,68,111,69,109,102,73,156,96,142,121,143,153,159,94,205,122,207,158,50,151,69,73,46,74,67,73,128,154,133,57,140,169,143
occ_img_169.jpg,0,56,46,94,49,117,49,178,44,80,58,61,63,150,57,173,63,105,62,97,96,78,151,91,147,112,147,148,152,93,158,115,158,157,43,155,65,69,45,75,65,71,106,154,106,62,135,164,136
occ_img_170.jpg,0,42,40,89,39,116,40,168,36,71,60,49,71,141,57,165,67,106,58,107,78,86,170,103,136,121,135,144,168,104,197,125,197,150,34,147,67,58,36,66,70,68,126,152,123,70,154,160,152
occ_img_171.jpg,0,62,44,97,47,121,48,166,47,81,68,64,72,146,69,165,74,109,60,108,78,79,157,98,125,120,124,143,157,96,193,121,193,151,44,151,72,74,43,77,70,74,123,148,125,63,141,159,141
occ_img_172.jpg,0,46,41,96,47,119,50,169,47,77,59,57,70,143,62,164,73,110,62,110,87,76,164,99,142,121,142,143,166,99,182,122,182,152,44,148,71,62,39,72,69,68,120,150,121,60,148,159,150
occ_img_173.jpg,0,48,43,105,55,120,57,180,45,77,63,53,65,147,64,170,68,113,68,113,103,70,148,97,144,124,144,152,149,98,174,125,174,159,46,152,69,68,44,71,68,66,114,159,116,54,132,168,133
occ_img_174.jpg,0,46,47,103,56,118,57,168,47,74,60,53,64,145,61,168,65,110,65,110,102,78,153,100,140,122,141,146,155,99,176,123,176,151,48,152,66,65,47,69,65,65,116,153,114,62,137,162,139
occ_img_514.jpg,0,53,41,100,49,130,49,172,41,79,65,57,71,147,65,166,73,115,63,116,82,74,155,104,129,126,129,148,157,103,180,127,180,157,41,151,72,69,41,73,71,72,116,154,116,58,139,164,141
occ_img_10.jpg,1,48,41,96,39,125,41,173,45,75,61,53,71,144,62,168,73,112,65,112,91,82,163,104,144,119,144,139,162,103,164,119,164,157,41,151,73,64,37,70,72,71,109,151,111,66,147,155,146
occ_img_11.jpg,1,59,42,109,50,140,52,172,45,85,65,62,67,146,67,164,70,123,68,126,99,79,149,108,139,126,139,138,148,106,157,125,156,161,47,150,71,76,43,78,69,74,102,152,103,63,133,154,132
occ_img_12.jpg,1,44,32,91,53,132,57,185,42,72,59,45,58,156,64,180,68,111,69,108,106,58,153,93,152,116,153,147,156,87,160,112,162,167,46,161,69,60,38,64,62,58,97,157,105,42,137,163,140
occ_img_13.jpg,1,60,36,94,48,122,47,179,41,84,67,66,69,144,67,166,72,107,65,101,88,76,152,94,145,113,146,146,160,91,177,111,180,159,39,149,72,72,37,80,70,73,111,151,117,60,136,162,144
occ_img_14.jpg,1,53,39,104,57,127,59,171,56,79,62,53,63,145,70,165,78,117,72,117,100,72,154,105,146,122,146,144,153,104,172,122,172,157,56,149,77,71,44,71,67,70,108,152,117,56,138,160,137
occ_img_16.jpg,1,43,52,93,50,130,49,181,53,73,65,50,73,147,63,172,71,110,68,107,101,76,157,97,143,118,143,145,158,98,178,120,178,164,50,154,72,59,49,67,73,64,119,157,120,60,141,161,142
occ_img_18.jpg,1,41,42,104,44,132,45,175,44,77,63,49,68,146,65,165,73,123,65,131,95,74,162,111,141,133,141,140,159,106,195,130,193,160,41,149,72,62,39,69,68,65,124,155,124,58,146,156,143
occ_img_2.jpg,1,51,43,103,48,125,46,167,38,80,61,58,66,141,59,160,64,115,65,116,100,78,151,103,143,119,144,136,155,98,175,117,176,152,39,146,65,68,42,73,67,67,114,146,111,62,135,152,139
occ_img_20.jpg,1,47,36,94,52,130,56,179,51,74,62,51,64,149,67,173,73,114,68,113,107,73,149,100,140,125,141,149,150,99,175,125,175,162,51,155,73,63,40,68,67,65,109,158,116,57,133,165,134
occ_img_24.jpg,1,46,48,103,45,125,47,164,50,75,71,53,75,139,72,155,76,115,67,120,92,71,162,107,144,125,143,134,158,103,188,124,186,151,47,142,75,65,44,68,74,67,124,146,123,55,146,150,142
occ_img_25.jpg,1,45,49,99,54,131,56,182,51,74,66,51,71,152,67,173,72,117,68,121,101,75,156,107,145,128,144,150,153,106,171,128,170,164,50,157,72,64,47,67,71,68,115,160,116,59,140,166,137
occ_img_26.jpg,1,57,40,97,42,128,43,179,40,85,67,67,69,149,66,171,70,111,62,108,92,87,153,105,141,121,139,147,150,106,160,122,159,162,39,155,69,70,38,81,68,78,105,157,104,71,137,163,134
occ_img_27.jpg,1,29,49,90,54,129,53,183,46,69,64,41,70,146,64,172,69,111,71,113,100,62,151,100,152,119,151,146,145,97,185,118,182,165,46,152,71,49,48,61,71,56,123,156,119,46,135,162,129
occ_img_28.jpg,1,57,51,102,61,127,59,167,48,82,68,61,74,141,66,160,71,113,76,113,103,74,156,100,143,118,143,138,153,97,180,118,178,153,49,145,73,73,52,76,75,71,120,147,117,58,140,154,137
occ_img_3.jpg,1,52,30,99,55,136,56,180,47,78,57,54,60,149,65,171,75,118,73,115,109,69,161,95,153,110,157,128,175,86,188,104,192,166,48,154,75,68,37,71,64,60,111,146,123,53,145,144,159
occ_img_30.jpg,1,44,27,102,35,126,37,157,33,75,57,52,62,132,60,148,67,116,61,123,87,76,159,105,142,121,144,129,165,101,173,119,176,147,33,135,68,63,27,69,63,65,106,140,109,60,143,145,149
occ_img_32.jpg,1,67,41,91,42,113,42,171,43,86,61,75,68,141,60,163,67,99,59,88,80,95,148,91,129,102,129,130,148,96,152,108,152,151,39,147,66,74,40,84,67,81,100,147,104,79,132,146,132
occ_img_35.jpg,1,46,37,99,50,133,48,164,36,73,64,51,65,144,63,161,64,116,67,119,106,78,154,104,150,123,151,138,155,103,167,122,168,153,39,148,64,64,39,67,66,66,105,147,104,62,138,154,139
occ_img_36.jpg,1,55,48,104,50,128,48,168,41,79,65,57,71,146,61,167,64,117,65,117,99,86,149,111,142,126,139,144,144,113,155,129,152,154,42,152,66,71,47,73,71,77,105,154,99,70,133,160,128
occ_img_37.jpg,1,62,38,94,44,118,43,173,33,88,60,73,66,149,57,172,61,108,64,103,93,87,162,100,147,114,144,147,155,104,163,119,161,154,34,156,62,73,38,85,66,81,105,154,100,71,146,163,139
occ_img_38.jpg,1,56,37,102,49,120,52,176,50,77,57,57,59,149,65,172,72,108,64,104,95,61,155,91,150,113,151,148,161,88,173,112,175,157,49,155,72,71,39,71,62,66,109,151,118,45,139,164,145
occ_img_39.jpg,1,48,42,92,61,134,63,172,48,73,65,50,66,147,68,168,71,114,73,116,105,70,147,101,143,124,142,149,144,99,166,124,164,159,52,152,72,63,47,66,69,66,106,153,108,54,131,165,128
occ_img_40.jpg,1,52,43,93,49,114,48,172,44,80,59,58,63,145,61,170,66,104,67,99,99,79,151,96,140,117,142,151,157,96,180,119,183,152,44,151,67,65,44,74,65,69,114,154,117,63,135,167,141
occ_img_41.jpg,1,45,43,97,49,124,51,176,47,77,61,56,67,146,65,167,71,110,64,111,90,80,158,103,141,121,139,144,156,105,178,125,176,159,46,151,70,62,42,72,67,70,117,156,117,64,142,160,140
occ_img_42.jpg,1,58,50,104,55,125,55,170,49,80,62,62,68,148,61,166,67,112,63,110,96,82,139,103,136,122,137,145,141,102,144,121,145,155,49,152,66,73,51,76,67,75,101,152,101,66,123,161,125
occ_img_43.jpg,1,49,36,89,40,112,41,168,33,76,59,56,62,141,59,165,61,102,63,101,101,75,156,95,149,117,149,154,156,97,182,120,183,149,33,148,64,62,35,71,64,69,113,152,112,59,140,170,140
occ_img_44.jpg,1,49,32,93,44,125,44,159,25,78,61,58,65,140,58,158,58,110,63,113,102,78,152,104,140,119,140,136,153,103,174,120,174,147,30,144,60,64,34,73,65,70,107,144,102,62,136,152,137
occ_img_48.jpg,1,56,48,95,56,122,52,177,35,80,68,64,70,149,62,172,61,108,67,104,102,82,137,101,142,121,142,157,136,100,168,123,169,158,38,155,63,69,49,77,70,74,111,158,106,66,121,173,120
occ_img_5.jpg,1,40,45,98,37,131,40,195,51,76,68,52,78,152,67,178,78,113,65,109,86,63,160,97,138,118,137,150,156,95,174,118,172,174,44,159,77,59,39,70,77,63,119,162,120,47,144,166,140
occ_img_50.jpg,1,53,37,91,55,121,58,177,45,78,60,58,62,147,66,171,73,105,69,99,100,74,140,95,144,115,145,154,147,95,163,117,166,158,48,153,73,66,42,73,65,69,102,155,110,58,124,170,131
occ_img_51.jpg,1,50,30,94,45,131,48,172,41,78,54,56,59,141,59,162,68,110,63,109,90,72,155,96,145,112,145,129,159,93,176,110,176,158,41,147,69,65,33,71,63,66,108,144,115,56,139,145,143
occ_img_52.jpg,1,58,43,107,50,134,48,165,36,78,65,57,68,144,60,161,61,120,67,125,106,77,161,109,152,125,150,137,153,108,179,126,175,154,39,148,63,74,44,72,68,74,114,148,108,61,145,153,137
occ_img_53.jpg,1,62,55,106,58,123,63,166,67,84,76,66,79,143,82,158,88,113,74,110,98,67,144,97,141,117,143,147,150,95,158,116,160,152,63,146,85,77,53,79,78,73,111,145,118,51,128,163,134
occ_img_54.jpg,1,53,35,93,45,117,46,177,46,79,65,60,66,148,73,174,78,106,64,100,90,85,154,98,138,117,141,153,164,99,178,120,183,157,43,155,76,66,36,75,67,72,110,156,120,69,138,169,148
occ_img_55.jpg,1,51,46,100,54,121,50,164,32,77,59,56,63,137,51,158,51,107,63,107,105,85,164,99,152,110,151,123,162,98,186,111,185,149,37,143,54,67,48,71,63,67,118,144,110,69,148,139,146
occ_img_56.jpg,1,27,40,75,41,111,34,173,32,64,59,41,66,144,59,169,66,98,58,99,89,83,166,100,148,118,147,151,162,107,168,126,167,151,28,150,66,43,36,59,66,63,110,157,107,67,150,167,146
occ_img_7.jpg,1,65,46,102,51,122,51,158,47,85,59,67,62,139,60,155,62,112,65,112,95,91,140,105,133,118,133,128,140,104,146,117,146,146,48,143,64,77,46,79,63,79,99,142,98,75,124,144,124
occ_img_8.jpg,1,41,31,82,45,125,49,180,40,72,56,49,57,147,61,173,66,102,66,99,111,75,145,95,153,116,155,150,154,93,168,115,172,161,41,154,67,55,34,66,60,61,103,155,109,59,129,166,138
occ_img_9.jpg,1,47,41,101,51,128,47,167,33,73,61,48,67,140,58,161,63,115,67,119,94,76,154,103,141,112,144,123,163,96,164,107,167,154,37,145,65,65,43,66,68,62,105,142,102,60,138,139,147
occ_img_100.jpg,2,51,27,107,37,138,40,170,30,77,57,51,60,141,58,160,62,121,64,125,105,68,147,105,152,120,151,135,146,101,158,118,156,159,31,145,64,71,26,69,63,68,97,145,98,52,131,151,130
occ_img_106.jpg,2,47,41,99,39,125,39,180,40,80,60,58,70,145,59,166,70,112,57,111,82,79,164,99,142,119,143,141,166,97,174,119,175,161,35,149,69,64,36,75,69,69,117,152,118,63,148,157,150
occ_img_107.jpg,2,56,45,102,45,132,46,179,54,85,60,65,68,146,64,165,75,114,65,112,97,78,159,101,145,122,145,146,157,100,171,123,169,163,48,151,74,71,41,79,69,73,114,155,119,62,143,162,141
occ_img_109.jpg,2,53,47,102,57,124,57,173,51,81,62,59,65,145,63,166,69,111,68,110,103,77,156,100,146,119,146,145,159,100,182,121,182,156,51,150,69,70,48,74,67,69,118,154,120,61,140,161,143
occ_img_112.jpg,2,48,34,97,44,129,43,175,40,76,62,52,68,145,63,167,72,111,63,110,89,71,150,98,135,116,136,140,155,95,182,115,183,159,37,150,72,65,34,69,69,66,113,149,118,55,134,156,139
occ_img_113.jpg,2,59,46,98,52,124,54,156,52,84,72,64,77,134,75,152,83,112,73,115,92,79,160,105,139,123,140,136,164,103,192,123,192,145,50,138,83,73,44,78,78,76,125,142,128,63,144,152,148
occ_img_114.jpg,2,54,34,91,44,127,43,151,32,81,57,57,64,135,57,154,63,112,68,117,100,80,159,109,144,128,143,147,156,108,200,129,197,143,35,140,65,66,36,73,65,75,120,145,115,64,143,163,140
occ_img_115.jpg,2,34,39,89,44,134,47,185,44,74,60,47,68,152,61,175,68,111,66,111,99,61,133,98,140,120,139,157,128,98,150,121,148,168,42,157,69,53,37,66,69,60,101,158,101,45,117,173,112
occ_img_116.jpg,2,59,35,95,47,125,46,164,36,82,58,59,66,141,59,164,67,110,67,110,95,84,153,102,134,122,135,143,156,101,179,123,180,151,37,148,69,71,37,75,68,75,111,149,112,68,137,159,140
occ_img_516.jpg,2,50,38,95,38,131,39,174,37,77,56,55,66,146,58,169,66,113,61,115,93,83,161,104,146,121,146,136,161,101,182,119,182,160,35,152,67,65,35,71,66,70,115,151,114,67,145,152,145
occ_img_541.jpg,2,71,37,105,42,131,44,161,45,91,58,73,61,141,63,158,69,116,61,113,88,90,116,106,113,116,114,133,118,104,128,116,129,150,43,145,69,83,36,86,63,83,87,142,91,74,100,149,102
occ_img_57.jpg,2,54,49,98,44,123,40,168,45,81,60,60,68,142,59,161,67,111,60,111,87,85,141,107,132,120,131,141,139,106,148,120,147,153,40,146,67,69,44,75,68,75,104,148,102,69,125,157,123
occ_img_59.jpg,2,45,37,97,40,125,39,179,33,77,58,53,67,146,57,170,65,111,62,110,99,76,157,103,151,119,150,146,154,104,161,120,160,160,32,153,66,62,35,70,68,69,106,155,104,60,141,162,138
occ_img_60.jpg,2,52,37,93,41,129,42,172,40,79,61,60,69,143,62,163,70,110,63,110,90,75,157,101,135,119,135,143,156,101,183,121,182,157,37,147,70,66,35,75,69,72,116,150,117,59,141,159,140
occ_img_61.jpg,2,61,42,100,38,125,37,171,45,85,65,66,77,144,65,164,77,112,61,108,83,73,164,96,133,117,133,144,162,94,182,117,182,155,38,149,76,75,35,80,76,75,120,147,121,57,148,160,146
occ_img_63.jpg,2,54,45,103,46,127,44,162,43,79,63,58,70,139,62,157,67,115,64,118,96,68,159,102,145,123,143,145,154,102,179,124,176,150,41,144,68,70,43,73,70,72,117,147,112,52,143,161,138
occ_img_64.jpg,2,52,29,94,40,129,44,177,45,80,56,59,62,145,64,168,74,110,66,106,97,63,153,95,148,114,149,150,158,93,180,114,182,160,41,150,74,67,29,75,65,69,111,149,120,47,137,166,142
occ_img_67.jpg,2,52,43,95,47,122,46,181,42,80,57,58,64,151,58,176,65,109,62,105,93,80,161,96,142,117,142,146,163,94,189,117,188,161,40,158,66,66,42,74,65,68,121,156,121,64,145,162,147
occ_img_68.jpg,2,50,24,105,26,129,30,161,35,79,60,55,68,139,65,153,75,119,66,126,86,79,167,113,141,129,141,134,168,107,187,125,186,150,30,141,74,69,20,71,69,72,113,144,118,63,151,150,152
occ_img_71.jpg,2,47,40,95,47,121,47,176,42,76,60,51,68,141,61,168,69,107,65,104,89,75,157,97,138,113,140,141,165,94,190,114,192,157,41,149,70,63,39,69,69,65,120,152,122,59,141,157,149
occ_img_73.jpg,2,54,37,105,39,128,40,163,40,81,59,61,66,139,62,156,71,116,63,118,87,84,146,108,136,120,138,132,153,105,148,117,149,151,38,143,71,71,35,76,67,73,98,142,101,68,130,148,137
occ_img_74.jpg,2,45,40,92,49,129,49,176,38,78,60,56,70,143,59,166,68,107,68,105,99,79,163,101,157,114,156,138,162,101,171,115,170,159,39,149,70,61,40,72,72,68,111,151,109,63,147,154,146
occ_img_76.jpg,2,48,39,93,37,131,36,177,37,80,57,57,68,146,57,169,69,111,62,110,90,83,162,102,135,120,135,142,163,100,188,120,188,161,33,152,69,63,35,73,68,70,121,153,120,67,146,158,147
occ_img_77.jpg,2,46,39,91,47,130,48,176,44,77,60,56,66,144,64,166,73,110,68,110,100,69,137,100,139,121,140,151,140,99,162,121,163,160,42,149,73,61,38,72,68,68,107,153,110,53,121,167,124
occ_img_78.jpg,2,72,56,109,59,122,60,159,55,87,66,73,71,140,66,156,71,114,67,112,93,83,157,100,141,119,140,140,155,101,168,119,165,146,55,144,70,84,56,83,70,82,116,143,114,67,141,156,139
occ_img_80.jpg,2,41,42,89,46,133,45,184,42,72,60,48,65,147,60,172,68,111,65,111,100,74,136,104,137,124,137,155,138,105,145,126,146,166,39,154,69,57,41,66,67,67,97,160,99,58,120,171,122
occ_img_84.jpg,2,68,37,95,35,128,36,170,38,84,61,66,69,141,62,160,73,106,59,99,79,70,147,87,128,104,129,132,155,82,161,100,164,156,34,145,71,76,34,79,69,71,103,140,107,54,131,148,139
occ_img_85.jpg,2,56,38,95,42,120,43,170,39,80,59,61,66,142,61,164,69,107,66,104,101,79,161,96,154,110,155,136,162,94,170,109,170,152,37,148,69,69,37,75,67,70,109,146,110,63,145,152,146
occ_img_86.jpg,2,50,43,100,48,127,52,177,60,79,61,56,65,145,70,166,79,114,67,112,94,55,140,95,142,117,145,149,149,88,166,112,168,161,54,149,78,67,42,72,67,62,109,149,120,39,124,165,133
occ_img_87.jpg,2,53,50,95,53,113,51,174,54,81,64,62,70,147,65,168,74,105,68,100,101,68,142,93,139,118,141,157,151,90,174,117,176,154,50,152,73,67,48,76,71,69,118,152,122,52,126,173,135
occ_img_89.jpg,2,44,51,91,59,125,58,175,52,75,67,52,74,149,68,173,74,107,72,105,95,76,140,100,137,115,138,142,143,98,153,113,154,158,51,154,75,59,51,68,75,66,107,151,107,60,124,158,127
occ_img_90.jpg,2,54,49,98,52,125,49,166,38,82,61,61,71,143,58,162,67,113,66,117,89,87,164,108,139,121,139,133,162,107,174,121,173,152,40,147,68,69,48,76,71,75,118,148,110,71,148,149,146
occ_img_95.jpg,2,51,52,99,48,122,48,154,47,78,62,59,74,135,61,152,70,113,66,119,90,91,164,115,143,124,143,133,162,114,167,124,167,143,45,139,71,67,48,73,73,77,115,142,111,75,148,149,146
occ_img_99.jpg,2,53,30,96,27,127,30,167,36,75,57,55,63,140,60,158,69,111,54,112,87,72,158,97,136,114,136,131,159,97,187,115,186,153,30,144,67,68,25,70,63,70,114,143,117,56,142,147,143
occ_img_175.jpg,3,45,52,97,60,120,57,175,50,76,65,55,72,147,64,168,70,110,68,110,97,73,150,104,145,127,144,159,148,104,168,130,168,156,50,152,71,63,52,71,72,69,117,158,116,57,134,175,132
occ_img_176.jpg,3,46,52,84,56,124,59,169,55,72,66,54,72,144,66,165,72,101,72,100,100,80,157,99,146,118,147,152,158,99,178,120,179,153,54,150,72,58,52,67,72,69,119,151,120,64,141,168,142
occ_img_177.jpg,3,47,43,94,49,124,50,174,49,74,64,55,66,145,68,164,73,111,67,109,108,55,135,90,149,114,151,144,146,84,166,110,169,157,47,148,72,63,42,69,67,60,110,147,115,39,119,160,130
occ_img_179.jpg,3,26,39,85,33,113,30,176,36,66,62,42,70,147,62,172,71,103,62,104,92,68,154,95,138,119,138,157,153,97,176,123,176,155,29,153,70,45,32,59,71,58,118,156,114,52,138,173,137
occ_img_180.jpg,3,58,33,93,44,122,47,178,44,81,64,61,68,147,68,171,75,105,65,97,89,74,150,92,135,114,136,158,155,93,188,118,190,159,42,153,74,70,34,76,69,72,115,156,122,58,134,174,139
occ_img_183.jpg,3,49,46,98,56,121,56,177,46,79,66,58,69,147,67,168,71,111,69,109,104,70,139,97,139,119,140,154,144,95,165,120,167,158,47,152,72,65,47,73,70,66,112,155,113,54,123,170,128
occ_img_185.jpg,3,40,34,85,51,127,59,181,62,69,59,45,61,147,73,174,83,104,69,102,102,70,147,96,144,121,145,159,151,97,178,123,180,163,59,153,81,56,37,63,65,62,110,159,126,54,131,175,135
occ_img_186.jpg,3,50,40,94,47,125,46,181,36,77,68,56,73,150,65,174,70,108,65,104,94,78,158,99,142,116,143,149,156,99,168,117,168,161,36,156,71,64,40,72,73,69,109,156,107,62,142,165,140
occ_img_187.jpg,3,35,31,90,45,134,46,180,37,69,54,44,59,150,57,171,65,114,63,118,104,67,147,103,152,122,153,148,151,101,174,123,175,164,37,154,65,54,32,62,60,60,107,156,109,51,131,164,135
occ_img_189.jpg,3,47,44,84,55,112,54,170,53,75,63,57,65,140,71,164,77,100,71,99,109,76,143,94,151,111,155,145,157,92,158,110,164,150,50,146,77,59,46,71,67,65,104,147,114,60,127,161,141
occ_img_190.jpg,3,56,41,98,43,119,43,179,43,83,63,62,70,146,63,172,71,106,65,100,99,77,153,95,145,113,147,151,157,94,175,114,177,158,40,153,72,70,39,78,71,71,113,154,115,61,137,167,141
occ_img_191.jpg,3,46,49,105,49,119,50,164,53,74,66,53,72,139,68,157,76,115,67,119,88,69,155,106,139,126,140,148,160,105,170,126,171,149,48,142,75,67,45,69,72,68,117,148,119,53,139,164,144
occ_img_192.jpg,3,47,35,97,39,129,39,176,35,76,64,56,67,145,64,165,68,113,65,113,94,74,151,100,135,120,135,140,155,97,187,120,189,160,33,151,69,64,33,70,68,66,117,152,119,58,135,156,139
occ_img_193.jpg,3,46,21,94,32,133,41,172,44,72,54,48,54,143,68,162,78,110,61,108,93,49,134,86,131,110,135,133,150,78,161,104,165,159,41,146,75,62,22,65,58,54,94,141,110,33,118,149,134
occ_img_194.jpg,3,43,52,102,49,129,42,158,16,74,74,48,81,142,56,160,51,120,68,131,104,66,159,113,151,135,151,156,153,107,184,132,181,148,24,146,56,63,48,67,78,67,123,149,100,50,143,172,137
occ_img_197.jpg,3,63,40,97,49,122,47,179,42,86,61,66,69,148,62,174,72,104,65,92,92,80,157,92,141,111,141,154,160,94,171,114,172,159,40,155,72,74,41,81,70,75,110,154,112,64,141,170,144
occ_img_201.jpg,3,45,37,98,38,128,41,189,43,74,66,51,72,152,67,179,73,110,62,107,90,71,161,97,145,114,144,148,160,97,175,116,175,168,39,159,73,62,34,69,73,65,112,159,116,55,145,164,144
occ_img_205.jpg,3,53,41,90,48,128,51,181,54,79,69,61,74,148,76,170,85,107,74,99,103,73,150,92,148,112,150,152,157,90,169,111,172,163,49,153,83,65,40,75,75,68,110,152,119,57,134,168,141
occ_img_207.jpg,3,48,43,97,45,135,45,177,44,75,63,51,69,147,63,169,69,118,68,121,100,65,153,106,148,127,148,154,151,104,177,127,176,163,41,152,71,65,40,68,71,68,114,155,115,49,137,170,135
occ_img_209.jpg,3,40,42,100,40,128,41,178,47,76,62,54,68,141,64,162,72,114,63,118,92,75,157,103,147,121,148,140,158,102,171,121,171,161,42,146,71,60,38,70,68,64,114,152,117,59,141,156,142
occ_img_210.jpg,3,44,36,95,45,132,47,186,46,75,60,50,64,151,65,176,73,113,68,111,99,71,154,100,148,119,150,148,157,98,172,118,173,168,44,157,73,61,37,68,67,64,109,157,114,55,138,164,141
occ_img_212.jpg,3,43,36,95,50,125,53,185,41,75,59,54,65,149,61,174,68,109,66,106,100,71,150,96,139,118,140,151,153,94,192,119,194,165,43,156,68,60,39,69,65,64,121,159,124,55,134,167,137
occ_img_213.jpg,3,46,40,85,51,122,51,179,44,73,56,49,61,146,58,174,65,102,66,97,106,71,150,92,150,115,150,154,153,92,184,117,186,159,44,154,67,59,43,66,64,63,115,157,118,55,134,170,137
occ_img_214.jpg,3,64,31,92,47,115,48,173,39,86,57,68,61,147,60,170,68,103,66,93,93,79,154,90,136,108,136,152,155,93,184,114,185,153,39,153,69,73,35,80,64,75,110,152,116,63,138,168,139
occ_img_215.jpg,3,53,43,101,46,121,46,169,46,79,60,60,63,142,62,161,66,111,63,109,98,76,144,99,144,119,145,143,147,98,162,120,163,153,42,146,67,69,41,75,64,72,109,148,112,60,128,159,131
occ_img_218.jpg,3,48,44,95,52,112,52,172,48,76,69,57,73,144,70,166,75,103,70,98,100,76,154,93,146,111,147,147,159,93,179,113,180,151,46,149,75,64,44,71,74,67,117,150,119,60,138,163,143
occ_img_219.jpg,3,43,43,104,46,123,44,176,38,74,61,49,67,146,58,169,63,113,63,117,100,68,154,104,143,125,142,152,149,103,199,127,198,157,38,152,65,63,42,67,68,64,126,158,123,52,138,168,133
occ_img_222.jpg,3,42,42,91,50,123,49,175,35,72,65,48,71,147,63,170,67,108,68,109,105,70,153,100,151,124,150,156,149,100,183,125,182,157,37,153,69,58,43,65,72,64,117,157,113,54,137,172,133
occ_img_223.jpg,3,45,37,100,43,128,43,177,37,74,68,51,74,149,64,170,68,113,63,114,94,67,155,101,143,124,142,150,155,100,183,124,183,160,37,153,69,63,37,68,73,66,115,156,115,51,139,166,139
occ_img_224.jpg,3,43,42,104,45,127,46,167,44,74,65,52,69,143,66,161,70,118,65,126,100,65,154,107,147,131,146,149,151,104,178,129,176,153,41,146,69,64,38,69,69,67,117,150,116,49,138,165,135
occ_img_225.jpg,3,45,49,96,48,126,49,175,48,74,69,52,75,148,69,169,74,111,59,112,83,65,151,97,128,124,128,153,153,96,183,123,184,158,46,152,72,62,46,68,73,65,121,154,121,49,135,169,137
occ_img_226.jpg,3,43,57,98,52,115,50,174,44,75,76,55,85,145,70,168,75,106,67,105,90,79,166,100,145,118,144,149,160,102,175,121,173,153,43,151,76,61,52,71,83,69,125,155,115,63,150,165,144
occ_img_227.jpg,3,65,52,93,53,114,49,158,44,86,67,74,74,136,65,155,70,105,66,104,91,110,146,112,134,119,133,139,144,116,145,123,145,142,43,141,70,74,51,84,73,89,102,146,99,94,130,155,128
occ_img_228.jpg,3,44,39,98,42,122,41,176,42,74,62,54,67,143,63,163,69,110,59,112,90,72,153,99,143,119,144,143,154,98,169,119,169,157,38,147,69,62,36,70,67,66,112,151,114,56,137,159,138
occ_img_230.jpg,3,53,34,89,39,119,39,169,37,77,56,59,64,141,56,167,64,102,66,96,104,77,157,95,152,112,152,146,156,96,189,115,190,152,35,149,66,65,33,73,66,72,117,148,119,61,141,162,140
occ_img_231.jpg,3,44,49,94,55,131,55,177,50,75,64,50,68,149,65,170,70,112,71,113,111,60,141,95,145,122,145,155,142,94,185,123,185,162,50,153,71,61,49,68,70,63,121,155,121,44,125,171,126
occ_img_233.jpg,3,53,35,95,47,127,49,173,40,77,63,55,65,145,64,168,70,111,67,110,100,76,140,102,139,117,141,144,146,103,155,118,157,157,41,151,72,68,37,70,68,72,98,151,103,60,124,160,130
occ_img_234.jpg,3,39,46,89,52,129,51,179,44,72,66,48,71,148,66,171,69,109,65,110,92,67,148,102,135,125,135,160,147,100,184,126,184,162,45,153,69,56,46,66,71,64,119,159,117,51,132,176,131
occ_img_235.jpg,3,48,42,95,46,126,46,173,43,78,62,57,67,146,65,169,71,109,70,107,101,71,149,99,141,123,142,154,155,96,182,122,184,157,41,152,72,64,41,72,70,67,118,153,119,55,133,170,139
occ_img_238.jpg,3,60,39,94,48,118,48,173,48,82,60,64,64,145,64,166,71,104,67,96,101,78,153,93,143,115,144,152,159,92,192,117,194,154,45,150,71,72,40,78,66,72,119,151,127,62,137,168,143
occ_img_239.jpg,3,46,42,94,46,125,43,175,35,77,64,53,70,147,60,171,64,111,68,111,103,80,148,104,146,118,145,142,141,104,157,119,154,158,36,154,67,62,41,70,72,70,105,154,98,64,132,158,125
occ_img_240.jpg,3,49,58,103,62,126,64,173,58,77,85,56,91,147,86,167,92,115,81,118,111,71,164,105,160,123,160,149,163,105,180,124,179,156,57,151,91,67,57,71,90,70,125,153,125,55,148,165,147
occ_img_610.jpg,3,36,46,99,60,130,63,187,54,73,65,44,67,154,68,180,75,116,72,116,101,70,162,103,152,125,154,153,165,101,183,124,185,167,55,160,76,58,48,64,70,60,119,162,124,54,146,169,149
occ_img_373.jpg,4,44,42,106,48,125,47,166,39,75,57,52,63,138,57,156,61,117,64,123,95,79,154,110,153,122,152,133,153,109,168,122,167,152,40,142,63,65,41,68,64,68,111,146,109,63,138,149,137
occ_img_374.jpg,4,49,46,103,46,127,45,173,49,81,63,60,71,144,66,161,75,113,62,112,84,77,160,101,139,119,140,140,161,98,161,117,162,158,45,148,74,67,42,75,71,68,111,148,112,61,144,156,145
occ_img_375.jpg,4,64,26,100,43,127,42,176,38,83,49,66,51,148,55,168,62,112,55,107,90,85,142,99,138,115,140,139,145,99,154,115,156,159,37,153,61,76,30,79,53,76,93,151,102,69,126,155,129
occ_img_376.jpg,4,57,49,99,55,126,52,175,52,82,69,62,72,148,69,168,75,112,71,110,103,80,156,103,151,120,152,144,159,101,170,119,171,159,50,153,76,71,50,76,74,74,113,153,115,64,140,160,143
occ_img_377.jpg,4,40,38,103,41,121,40,178,40,75,57,52,63,144,58,166,64,111,60,111,95,79,154,103,145,119,145,140,155,102,164,119,164,159,36,149,64,61,35,70,64,65,109,152,110,63,138,156,139
occ_img_383.jpg,4,69,23,113,47,144,58,184,59,91,56,68,56,154,76,173,86,123,71,119,102,81,153,103,143,119,145,135,168,98,174,116,177,170,56,158,83,84,29,82,62,76,102,153,122,65,137,151,152
occ_img_385.jpg,4,52,49,95,55,115,54,162,46,79,67,60,72,137,66,156,73,105,69,104,89,89,143,102,129,115,129,135,146,103,153,117,154,146,46,142,73,66,49,74,73,74,107,145,106,73,127,151,130
occ_img_386.jpg,4,39,43,94,50,118,51,174,48,69,69,44,75,144,72,168,77,105,69,103,94,77,167,94,149,108,151,128,172,93,177,109,179,154,46,150,77,58,43,62,75,59,115,149,118,61,151,144,156
occ_img_387.jpg,4,51,34,92,42,128,43,173,38,79,57,58,62,144,59,166,66,111,63,111,96,87,160,105,154,120,155,142,162,104,170,121,171,158,37,150,67,64,34,73,64,73,107,152,110,71,144,158,146
occ_img_388.jpg,4,53,46,97,53,120,54,169,40,78,62,58,66,143,61,165,62,108,69,109,108,75,145,103,145,126,144,156,143,104,166,129,166,152,43,149,66,67,47,73,68,73,110,155,108,59,129,172,127
occ_img_390.jpg,4,53,32,98,43,135,44,172,37,76,58,53,61,147,61,167,66,113,63,111,101,75,154,100,149,114,149,132,154,98,173,114,172,159,38,151,67,69,33,70,63,68,105,148,108,59,138,148,138
occ_img_392.jpg,4,45,43,89,46,122,46,173,36,74,66,53,73,143,62,167,66,104,66,101,96,79,158,98,152,112,152,142,157,98,172,114,172,155,37,150,68,59,42,68,73,68,112,151,108,63,142,158,141
occ_img_393.jpg,4,46,44,90,50,125,48,177,43,76,60,54,65,147,61,169,66,107,64,107,96,77,145,99,140,115,141,144,148,98,163,117,164,159,42,153,68,61,44,69,67,67,109,153,108,61,129,160,132
occ_img_397.jpg,4,53,62,110,57,127,58,178,63,82,80,58,89,148,80,169,88,120,75,123,92,82,149,110,134,128,134,148,148,109,156,128,157,161,59,152,86,72,56,76,87,75,116,156,118,66,133,164,132
occ_img_398.jpg,4,50,30,101,43,129,46,164,42,77,62,51,66,139,67,159,75,116,67,119,100,80,158,108,147,124,147,141,162,105,175,122,176,152,41,144,74,68,32,69,68,69,106,147,113,64,142,157,146
occ_img_400.jpg,4,49,43,96,45,123,45,170,44,74,61,56,65,143,61,162,64,111,65,113,102,82,150,104,147,125,147,148,151,105,167,127,167,154,42,147,64,64,42,70,65,70,109,153,110,66,134,164,135
occ_img_401.jpg,4,55,30,97,47,138,48,180,37,79,60,57,63,151,63,172,69,117,66,116,101,78,155,103,145,122,146,143,157,100,174,120,175,165,39,156,69,70,34,73,65,71,106,155,110,62,139,159,141
occ_img_404.jpg,4,50,39,95,45,126,44,170,36,77,59,54,66,145,57,167,62,112,64,114,96,74,139,105,136,124,135,151,137,104,152,125,151,155,36,151,64,65,39,71,67,71,100,154,97,58,123,167,121
occ_img_407.jpg,4,54,42,107,54,138,54,176,40,83,64,57,67,149,61,168,64,122,69,124,98,78,157,107,146,125,146,141,153,105,174,125,172,163,43,153,66,72,45,74,69,70,110,154,109,62,141,157,137
occ_img_408.jpg,4,54,29,105,44,126,46,172,41,79,54,57,57,147,61,168,68,115,64,116,97,85,159,106,145,124,146,144,160,105,176,124,177,156,40,152,68,71,32,73,60,72,106,154,113,69,143,160,144
occ_img_409.jpg,4,49,36,94,41,123,42,171,38,79,56,58,63,144,57,165,64,109,60,108,96,85,158,103,152,118,152,140,156,103,167,118,166,154,36,149,65,64,34,73,64,72,108,150,107,69,142,156,140
occ_img_413.jpg,4,49,39,99,49,120,49,171,40,79,55,60,60,142,55,161,60,109,60,107,99,82,154,100,153,115,152,134,154,101,167,116,167,153,41,146,60,65,40,74,61,70,109,149,109,66,138,150,138
occ_img_415.jpg,4,44,49,98,47,125,45,183,46,79,66,57,76,147,65,168,73,110,65,107,87,73,161,96,146,116,145,144,162,95,170,116,170,163,42,151,73,61,45,73,75,66,119,154,117,57,145,160,146
occ_img_416.jpg,4,52,46,99,54,116,56,174,51,79,64,60,71,147,66,167,74,110,67,107,93,80,162,99,148,118,148,146,163,100,171,121,171,154,50,151,72,68,46,75,71,71,114,155,117,64,146,162,147
occ_img_418.jpg,4,51,49,100,54,123,55,167,55,79,64,60,68,139,66,157,73,111,68,113,91,82,148,104,139,119,140,138,148,104,155,120,156,152,53,143,72,67,48,74,69,72,107,147,111,66,132,154,132
occ_img_419.jpg,4,43,41,99,44,129,48,172,42,74,61,50,69,140,61,162,68,115,69,120,106,92,170,115,163,127,163,144,169,116,174,129,174,157,41,145,70,62,39,68,70,72,112,154,114,76,154,160,153
occ_img_420.jpg,4,43,42,84,47,117,45,171,38,73,62,51,69,144,59,170,66,103,66,101,98,84,156,99,143,113,143,144,157,100,179,116,179,153,37,151,67,56,42,68,70,67,115,151,113,68,140,160,141
occ_img_423.jpg,4,60,21,106,25,139,29,168,35,83,48,62,52,145,56,160,64,121,52,125,78,86,137,115,126,128,128,140,143,113,147,127,149,158,31,148,63,76,21,76,54,79,87,149,96,70,121,156,127
occ_img_424.jpg,4,60,45,101,51,125,52,170,49,85,58,66,64,144,59,162,66,113,64,113,96,83,147,105,145,121,146,141,149,104,158,121,159,155,48,148,66,74,45,80,65,77,106,150,108,67,131,157,133
occ_img_425.jpg,4,45,38,93,49,127,51,178,44,74,60,50,65,147,62,173,69,107,65,105,96,75,154,97,145,113,146,145,157,97,166,114,168,160,44,153,70,61,39,68,67,64,105,153,109,59,138,161,141
occ_img_426.jpg,4,57,46,100,56,118,56,162,45,79,60,62,64,139,60,156,64,110,66,109,97,80,149,98,143,110,144,125,154,96,158,109,159,147,47,143,65,72,48,74,64,71,106,140,107,64,133,141,138
occ_img_427.jpg,4,52,27,102,37,133,38,181,33,80,55,55,59,152,58,176,62,116,63,115,103,82,157,107,151,124,151,147,157,106,173,125,173,164,32,158,64,69,27,73,61,71,104,159,107,66,141,163,141
occ_img_428.jpg,4,46,49,98,56,120,55,174,48,74,61,49,67,148,60,173,66,110,67,110,100,79,156,102,144,119,144,143,156,101,172,120,171,156,49,155,68,63,50,67,69,65,112,156,111,63,140,159,140
occ_img_430.jpg,4,53,43,98,40,136,39,172,35,77,64,55,74,146,59,167,67,115,66,115,103,73,157,104,153,122,151,144,152,105,172,124,170,160,34,152,68,68,39,71,73,72,111,152,107,57,141,160,136
occ_img_432.jpg,4,58,37,97,48,128,47,170,38,79,61,58,65,148,62,170,68,112,65,110,95,83,158,103,143,120,143,141,158,103,169,120,170,155,39,153,69,71,39,73,67,73,105,152,106,67,142,157,142
occ_img_434.jpg,4,56,52,98,52,124,51,169,53,83,58,64,65,143,58,161,65,111,65,112,99,84,152,103,144,122,145,143,156,101,160,121,161,154,50,147,66,70,50,77,66,75,112,149,113,68,136,159,140
occ_img_435.jpg,4,54,50,101,50,118,48,170,48,80,61,61,68,142,60,163,65,110,64,109,98,81,148,101,141,119,140,138,145,100,155,118,154,152,46,147,66,70,47,76,68,72,108,149,107,65,132,154,129
occ_img_437.jpg,4,51,32,95,36,121,39,170,45,79,54,58,60,140,61,161,70,109,64,112,104,82,153,106,150,125,152,149,158,105,164,124,167,154,40,144,69,66,31,73,62,72,102,152,111,66,137,165,142
occ_img_145.jpg,5,50,46,96,57,122,57,169,40,77,65,56,66,147,62,168,61,112,66,114,101,80,151,104,142,121,142,141,148,104,159,122,157,153,44,152,62,65,49,71,66,70,104,153,99,64,135,157,132
occ_img_303.jpg,5,54,53,97,52,124,52,163,53,77,65,60,72,139,65,156,72,110,67,113,94,78,157,104,149,122,148,145,157,104,172,124,172,150,50,143,71,68,50,72,71,75,118,146,119,62,141,161,141
occ_img_305.jpg,5,41,49,101,49,134,47,186,35,75,60,48,67,152,52,177,56,119,62,125,101,73,159,109,153,132,151,152,155,108,176,133,174,168,38,158,58,61,48,67,66,66,116,166,109,57,143,168,139
occ_img_306.jpg,5,55,44,110,51,140,50,165,38,81,64,57,68,141,60,156,62,121,68,123,100,75,147,105,144,116,143,125,145,100,162,112,160,157,41,144,64,73,45,73,69,69,106,141,100,59,131,141,129
occ_img_308.jpg,5,54,34,86,52,115,54,173,47,77,63,58,63,144,68,172,72,104,71,104,102,78,146,99,149,117,151,152,153,100,171,119,174,154,48,152,72,64,39,73,66,72,103,155,113,62,130,168,137
occ_img_310.jpg,5,35,39,91,47,127,44,175,13,63,67,35,70,149,52,175,46,112,58,119,109,56,151,98,152,129,149,156,134,98,191,132,184,158,23,155,49,53,40,56,67,58,117,160,100,40,135,172,118
occ_img_311.jpg,5,47,38,95,43,122,42,185,38,77,65,57,70,153,64,178,69,108,64,105,100,72,156,98,151,116,150,145,152,95,187,116,185,163,37,159,69,63,37,73,69,67,119,159,117,56,140,161,136
occ_img_312.jpg,5,46,47,104,57,125,58,168,42,72,67,47,71,141,63,162,65,115,67,119,104,73,156,103,152,124,152,139,155,103,168,125,167,153,47,146,65,65,49,65,70,65,111,152,108,57,140,155,139
occ_img_314.jpg,5,47,44,97,50,125,51,163,45,72,63,51,67,141,64,161,68,110,68,113,101,73,155,100,147,121,147,142,155,99,181,122,180,150,46,146,69,63,44,66,68,66,116,147,116,57,139,158,139
occ_img_315.jpg,5,54,28,100,40,120,43,171,38,78,60,56,60,146,66,169,70,111,60,112,94,80,137,107,134,126,134,156,139,107,152,129,152,154,38,151,69,69,30,72,61,73,92,158,98,64,121,172,123
occ_img_316.jpg,5,37,33,96,39,126,38,173,24,72,65,49,66,149,62,169,63,112,60,115,97,73,152,105,152,123,153,145,154,103,166,122,167,157,27,153,63,57,33,66,66,63,105,153,99,57,136,161,138
occ_img_317.jpg,5,48,31,91,48,126,49,176,38,77,55,55,55,147,57,171,60,108,63,106,106,82,151,101,153,117,154,139,154,98,172,116,174,159,39,154,61,63,35,71,58,67,104,153,108,66,135,155,138
occ_img_318.jpg,5,44,50,97,40,124,40,180,45,73,69,53,77,145,66,168,71,106,62,102,84,63,156,89,138,108,137,140,150,87,160,107,158,161,39,151,71,61,43,68,75,61,113,148,109,47,140,156,134
occ_img_321.jpg,5,51,29,98,45,122,46,178,42,75,50,55,54,146,59,170,66,109,58,103,90,75,152,95,147,112,148,139,155,91,163,109,165,159,41,152,65,67,32,70,56,65,100,149,110,59,136,155,139
occ_img_323.jpg,5,51,54,97,58,119,56,175,50,77,72,58,79,149,70,171,76,108,70,107,96,82,160,101,144,118,144,141,161,100,177,119,178,156,49,154,75,66,54,73,77,71,121,155,119,66,144,157,145
occ_img_324.jpg,5,26,48,61,45,84,43,148,37,52,64,36,73,125,58,153,61,79,60,80,86,81,165,92,147,111,144,151,157,101,174,120,172,126,36,134,63,37,45,49,70,62,116,144,110,65,149,167,141
occ_img_325.jpg,5,43,51,97,57,125,57,171,48,75,65,49,70,145,63,167,65,112,72,113,102,78,156,103,149,118,148,139,154,103,167,119,166,156,50,151,68,61,52,66,71,64,111,152,108,62,140,155,138
occ_img_326.jpg,5,95,36,141,42,161,46,207,51,116,64,96,64,174,70,193,76,147,65,143,89,98,157,123,138,138,140,146,166,115,186,132,187,192,46,179,74,111,36,110,66,97,115,172,125,82,141,162,150
occ_img_327.jpg,5,67,-7,103,27,119,37,184,33,84,30,63,24,153,54,181,59,108,46,96,85,69,145,88,142,108,145,145,160,86,175,109,180,161,32,160,57,80,3,78,31,69,83,156,111,53,129,161,144
occ_img_328.jpg,5,53,40,95,50,117,54,173,52,75,63,56,64,144,66,167,70,105,64,103,102,80,146,98,140,116,141,141,154,97,162,116,165,154,51,150,69,67,41,70,64,70,104,152,112,64,130,157,138
occ_img_329.jpg,5,53,50,102,49,120,52,171,54,78,68,57,72,144,70,164,76,112,65,113,88,71,158,100,140,123,140,149,157,99,166,124,165,154,51,148,75,69,47,72,72,70,113,152,116,55,142,165,141
occ_img_331.jpg,5,42,39,95,45,128,46,185,43,76,65,55,68,151,66,172,69,112,66,110,102,70,149,97,145,121,145,152,150,96,172,122,172,166,41,156,69,60,37,71,68,65,113,159,115,54,133,168,134
occ_img_332.jpg,5,57,39,96,43,123,43,169,40,79,64,62,69,147,65,165,72,107,64,104,91,82,153,100,145,115,145,143,155,98,158,114,159,153,38,150,72,70,37,75,69,74,104,147,106,66,137,159,139
occ_img_334.jpg,5,52,52,101,36,123,39,176,51,76,68,57,77,149,69,169,78,111,55,110,75,72,161,100,133,121,133,149,158,101,158,123,159,158,42,152,75,68,42,72,74,72,113,153,115,56,145,165,142
occ_img_335.jpg,5,49,47,102,51,121,50,171,53,77,59,57,65,144,62,163,70,112,63,113,93,76,159,100,146,120,147,140,161,99,181,121,181,155,49,148,68,66,46,72,64,68,119,151,123,60,143,156,145
occ_img_336.jpg,5,45,47,98,48,124,48,171,48,76,66,57,72,143,67,160,73,112,62,115,83,75,163,103,138,123,137,142,161,101,178,122,177,154,44,147,72,63,44,71,71,68,120,150,120,59,147,158,145
occ_img_337.jpg,5,67,35,92,44,118,42,178,40,93,57,78,62,148,60,173,66,106,65,97,97,97,154,100,147,116,147,154,156,104,169,121,170,158,39,157,66,75,37,89,64,84,106,158,108,81,138,170,140
occ_img_339.jpg,5,54,42,97,40,125,40,170,32,79,61,60,67,145,57,165,60,110,61,109,99,79,150,102,147,119,146,141,149,101,165,119,165,155,32,149,62,68,39,75,66,73,108,149,103,63,134,157,133
occ_img_340.jpg,5,45,39,87,49,114,48,165,41,70,63,50,66,139,63,165,65,102,65,103,108,77,155,97,155,117,156,144,158,97,177,118,181,148,42,146,65,58,42,66,66,64,110,149,115,61,139,160,142
occ_img_341.jpg,5,27,39,64,53,86,55,143,49,53,65,34,63,115,71,139,72,76,73,70,110,46,149,68,152,92,153,132,152,68,168,93,170,124,48,121,72,40,41,48,66,43,108,126,113,30,133,148,136
occ_img_342.jpg,5,51,32,101,40,128,45,170,44,76,59,54,60,142,68,160,73,114,59,114,81,75,140,101,131,115,133,134,144,98,154,114,156,156,42,146,71,67,32,69,62,67,96,146,105,59,124,150,128
occ_img_343.jpg,5,45,38,108,46,137,56,170,69,74,67,46,71,142,85,159,99,120,77,125,101,62,159,107,151,124,152,139,164,104,177,122,177,159,61,144,95,68,36,65,75,65,114,147,129,46,143,155,148
occ_img_344.jpg,5,46,40,93,56,122,56,180,44,73,62,52,64,148,62,171,67,107,63,104,102,59,150,89,142,119,143,156,149,88,180,120,182,160,46,153,66,61,44,68,65,60,112,157,118,43,134,172,133
occ_img_346.jpg,5,48,32,86,43,121,42,169,32,74,59,53,63,144,59,167,63,105,63,103,99,81,156,98,140,118,141,143,157,99,183,120,185,152,33,150,64,61,34,68,64,68,110,152,112,65,140,159,141
occ_img_347.jpg,5,49,42,113,41,128,41,163,39,77,66,56,69,141,63,156,65,120,58,127,91,73,158,107,146,125,145,134,154,104,174,123,172,151,37,143,64,70,38,72,67,68,114,145,111,57,142,150,138
occ_img_348.jpg,5,47,34,91,38,132,40,184,41,76,69,56,69,152,72,174,75,110,63,107,93,69,151,96,143,120,143,153,154,95,172,121,174,166,37,156,74,62,32,71,69,66,109,158,113,53,135,169,138
occ_img_349.jpg,5,47,55,102,50,118,50,168,47,75,67,54,73,143,62,164,68,112,67,116,99,75,143,109,141,128,140,156,137,108,155,128,154,151,46,148,69,65,51,70,73,71,111,153,106,59,127,172,121
occ_img_350.jpg,5,55,40,102,44,124,46,173,44,82,60,64,63,146,63,163,69,113,63,111,101,76,155,101,151,125,151,153,153,100,177,126,176,156,42,150,68,71,39,77,64,72,113,155,115,60,139,169,137
occ_img_352.jpg,5,42,46,94,42,131,38,175,35,71,68,47,74,147,62,170,65,114,66,119,100,80,158,109,150,124,149,143,152,109,163,124,161,160,34,153,67,59,43,65,74,69,109,155,103,64,142,159,136
occ_img_354.jpg,5,43,36,96,50,127,49,166,36,70,63,45,60,144,63,165,62,112,62,114,104,73,145,99,146,118,146,139,148,96,164,117,164,153,40,148,62,61,40,63,61,60,101,146,101,57,129,155,132
occ_img_355.jpg,5,52,44,99,43,125,42,172,44,80,60,58,66,142,62,164,67,111,63,111,96,64,148,96,144,115,143,140,150,94,158,114,158,156,40,147,68,67,41,73,68,67,106,148,107,48,132,156,134
occ_img_359.jpg,5,42,39,98,48,125,49,167,45,73,63,51,67,140,67,160,72,110,69,113,98,68,156,98,148,114,148,135,159,94,176,112,176,152,43,145,73,60,39,67,69,62,113,144,117,52,140,151,143
occ_img_362.jpg,5,63,37,100,50,115,55,169,42,82,57,66,57,143,62,167,61,106,66,100,100,90,154,99,146,113,147,140,158,99,164,113,167,150,45,151,63,75,39,79,59,76,101,150,107,74,138,156,142
occ_img_363.jpg,5,71,38,100,42,118,44,166,45,89,63,74,65,143,68,165,72,106,63,99,102,86,151,100,146,120,148,156,158,99,184,121,187,149,41,149,70,81,37,86,65,83,115,150,121,70,135,172,142
occ_img_365.jpg,5,62,21,89,43,110,47,170,42,81,49,65,46,147,62,173,66,104,59,99,101,84,142,98,141,117,143,150,152,100,159,120,164,149,43,154,64,71,28,78,50,76,89,154,107,68,126,166,136
occ_img_367.jpg,5,53,55,98,59,117,57,167,50,78,65,59,71,142,63,162,68,108,63,109,94,79,142,101,137,121,137,146,140,102,148,123,148,150,50,146,68,68,54,74,70,73,108,150,105,63,126,162,124
occ_img_368.jpg,5,61,23,92,46,109,53,169,54,80,60,63,58,142,78,165,84,97,70,87,109,71,147,88,156,104,160,142,162,84,171,103,177,149,51,147,81,71,30,75,62,68,99,144,121,55,131,158,146
occ_img_369.jpg,5,54,48,102,47,124,49,170,55,79,61,56,70,142,65,164,78,112,67,113,87,74,153,101,137,118,138,139,155,98,180,116,181,154,50,148,77,70,45,72,71,70,120,147,124,58,137,155,139
occ_img_370.jpg,5,59,22,99,30,120,29,168,20,86,41,68,48,141,40,162,46,112,48,111,79,92,147,110,136,123,137,148,149,110,161,125,163,152,21,147,47,72,23,81,49,81,96,152,96,76,131,164,133
occ_img_371.jpg,5,41,54,93,58,116,53,174,42,69,74,46,78,145,68,171,69,106,70,106,100,78,155,98,141,118,141,144,153,98,172,120,172,154,44,152,70,58,55,63,76,62,116,155,110,62,139,160,137
occ_img_372.jpg,5,53,35,101,37,127,44,171,43,78,58,59,62,146,61,165,66,113,59,114,96,81,146,103,137,123,136,144,142,103,160,124,159,156,41,150,65,69,32,73,61,73,103,151,106,65,130,160,126
occ_img_242.jpg,6,52,45,95,44,125,40,165,34,75,61,53,71,143,54,166,60,108,62,107,93,85,164,102,142,118,141,136,161,102,189,120,188,151,34,149,62,66,43,70,70,72,122,148,115,69,148,152,145
occ_img_243.jpg,6,47,32,92,44,130,41,174,30,79,57,55,66,145,57,169,66,111,66,111,101,85,160,105,146,121,146,141,159,103,184,122,183,159,31,151,67,62,34,73,68,69,113,154,111,69,144,157,143
occ_img_245.jpg,6,57,22,95,39,128,40,167,28,81,55,58,58,141,58,162,64,111,62,110,97,80,159,100,150,116,151,137,161,98,188,116,190,154,30,146,65,70,26,74,61,71,108,146,113,64,143,153,145
occ_img_246.jpg,6,51,31,106,34,133,34,163,32,79,56,53,65,141,58,160,68,121,64,127,89,72,167,111,138,126,137,132,164,103,203,121,200,153,30,146,69,70,28,71,66,69,122,144,121,56,151,148,148
occ_img_247.jpg,6,54,50,101,54,121,55,170,52,78,62,57,68,145,63,165,71,111,68,111,93,81,158,101,142,118,143,139,162,99,174,117,175,154,51,150,71,69,50,72,69,71,117,149,118,65,142,155,146
occ_img_249.jpg,6,59,38,99,45,125,46,165,40,85,55,65,61,138,58,158,64,111,63,110,90,83,127,102,126,115,127,134,130,100,145,115,147,151,39,143,65,72,38,79,63,75,96,144,98,67,111,150,114
occ_img_250.jpg,6,47,42,101,51,130,50,174,44,77,58,52,66,143,58,165,66,115,67,116,96,79,157,106,149,123,148,140,158,105,177,124,176,159,45,148,67,65,43,70,67,69,114,152,115,63,141,156,142
occ_img_251.jpg,6,54,44,89,50,127,46,177,42,84,63,64,72,147,59,171,68,107,69,102,95,88,160,99,140,113,141,140,161,101,184,117,185,160,40,154,69,66,43,79,72,74,118,154,118,72,144,156,145
occ_img_252.jpg,6,57,46,96,49,126,50,172,43,81,58,60,66,144,59,166,66,111,66,110,93,83,146,103,139,116,141,136,150,98,170,114,172,156,43,150,68,70,45,75,67,72,111,148,112,67,130,152,134
occ_img_253.jpg,6,50,34,95,46,127,46,174,30,80,59,55,67,144,57,169,65,110,67,110,94,86,160,104,145,116,145,138,160,102,179,117,179,158,33,151,67,65,36,72,69,70,110,152,108,70,144,154,144
occ_img_254.jpg,6,47,40,91,46,130,44,179,42,75,60,51,68,146,59,170,68,111,66,110,95,86,161,107,152,119,152,145,161,107,183,122,184,163,40,152,69,62,40,68,70,71,117,156,119,70,145,161,145
occ_img_255.jpg,6,57,33,94,46,120,47,171,42,83,55,64,60,147,59,170,67,109,64,105,96,92,149,104,145,115,147,140,155,103,149,115,150,154,42,153,67,69,36,78,62,76,95,150,99,76,133,156,139
occ_img_257.jpg,6,50,32,92,34,128,34,171,32,80,60,59,69,141,60,162,68,111,60,112,85,75,160,102,138,117,138,139,159,100,190,118,189,156,28,146,69,64,29,74,69,70,118,148,117,59,144,155,143
occ_img_258.jpg,6,51,42,91,45,131,44,175,43,79,61,58,67,146,62,166,69,111,66,110,95,78,158,102,146,121,146,146,159,100,195,121,195,160,40,150,70,64,40,73,68,71,124,152,125,62,142,162,143
occ_img_261.jpg,6,52,34,103,31,125,32,159,38,82,55,60,64,137,59,154,70,116,56,121,80,84,157,111,138,125,139,136,162,107,173,123,173,148,32,140,69,69,29,76,65,75,111,142,112,68,141,152,146
occ_img_262.jpg,6,52,40,100,46,123,44,171,38,79,56,58,64,145,54,165,60,113,61,113,98,84,159,103,145,122,145,141,157,103,179,124,178,155,38,150,62,68,39,73,65,73,116,152,114,68,143,157,141
occ_img_263.jpg,6,42,45,99,44,123,45,173,49,75,58,51,68,140,60,163,72,110,64,113,83,78,164,105,140,120,141,141,165,103,176,120,177,156,45,146,71,61,41,69,68,66,117,151,119,62,148,157,149
occ_img_265.jpg,6,52,38,94,47,127,47,167,39,78,57,56,63,139,58,161,65,111,64,112,90,76,147,102,138,117,138,140,148,99,165,115,165,153,40,145,67,66,39,72,65,69,105,146,106,60,131,156,132
occ_img_266.jpg,6,47,41,94,36,122,32,172,29,79,66,58,74,146,59,167,64,112,61,115,88,91,162,112,140,129,138,154,156,116,170,134,169,155,27,152,66,62,36,74,73,78,114,157,105,75,146,170,140
occ_img_267.jpg,6,46,50,91,46,133,41,171,40,75,65,53,75,142,61,162,69,112,64,114,91,76,165,101,142,121,140,140,159,100,200,122,197,158,38,147,69,61,46,69,73,67,130,149,124,60,149,156,143
occ_img_268.jpg,6,67,19,85,31,118,33,170,37,88,53,73,56,142,62,167,70,105,63,96,97,94,156,102,149,115,153,153,168,104,196,121,203,152,32,151,70,73,22,85,59,84,109,153,125,78,140,169,152
occ_img_269.jpg,6,46,28,98,31,123,32,177,32,79,54,56,62,142,56,163,65,110,57,110,90,84,159,101,142,115,142,131,160,100,165,115,165,159,28,147,65,64,25,72,63,68,105,149,108,68,143,147,144
occ_img_270.jpg,6,52,30,98,33,122,36,163,42,79,57,60,64,139,61,157,70,110,57,110,87,89,164,104,144,118,145,135,165,106,171,120,171,149,36,143,69,68,27,75,64,75,109,144,113,73,148,151,149
occ_img_272.jpg,6,40,31,95,32,127,34,180,35,76,61,51,68,147,61,171,69,113,63,113,91,67,144,102,140,122,140,151,143,103,157,124,156,162,31,153,70,59,27,69,69,65,101,157,103,51,128,167,127
occ_img_275.jpg,6,53,28,97,35,127,34,174,33,84,56,64,61,145,59,164,68,114,60,114,92,90,167,108,146,125,147,145,174,108,197,127,200,158,30,149,67,68,27,79,62,76,119,155,122,74,151,161,158
occ_img_277.jpg,6,47,35,96,50,123,50,175,38,78,57,52,61,145,57,169,62,110,63,109,99,84,155,104,150,119,149,140,155,104,163,120,162,157,41,151,63,64,39,70,63,69,103,154,104,68,139,156,139
occ_img_278.jpg,6,51,42,94,47,119,47,171,40,79,55,58,63,146,56,167,63,108,61,109,92,82,160,102,148,118,146,141,155,103,174,120,172,154,40,151,64,65,41,73,64,73,114,151,111,66,144,157,139
occ_img_280.jpg,6,51,44,100,38,126,36,172,39,80,62,58,70,142,61,162,70,114,62,113,93,79,157,104,142,123,143,147,159,102,186,124,187,156,34,146,70,67,38,74,70,71,123,151,121,63,141,163,143
occ_img_281.jpg,6,47,29,99,29,126,33,177,33,80,55,55,64,144,58,168,68,110,58,111,82,78,150,104,134,119,134,141,151,101,167,117,167,159,29,150,68,64,25,73,65,70,106,151,109,62,134,157,135
occ_img_282.jpg,6,50,36,95,46,130,47,172,38,79,58,56,63,142,61,163,67,113,65,113,91,81,156,103,150,117,150,136,155,102,165,116,164,158,39,147,68,65,37,72,65,71,106,147,107,65,140,152,139
occ_img_283.jpg,6,54,34,92,46,130,44,167,35,81,59,59,66,141,59,162,66,112,66,112,94,82,144,107,144,121,144,151,144,108,155,124,155,154,36,146,68,67,36,75,68,76,99,149,99,66,128,167,128
occ_img_285.jpg,6,51,42,104,50,121,47,173,38,79,57,56,64,143,55,166,62,113,62,113,91,82,159,103,148,119,149,136,162,100,182,117,183,155,39,149,64,69,42,73,65,70,119,149,117,66,143,152,146
occ_img_287.jpg,6,50,32,90,40,130,41,171,39,78,58,56,64,141,59,164,68,112,65,112,95,78,157,104,146,118,146,138,161,101,175,117,177,157,37,148,69,64,32,72,66,70,108,148,112,62,141,154,145
occ_img_289.jpg,6,64,24,90,37,116,37,168,36,87,52,71,54,142,59,165,65,107,61,100,96,85,145,97,140,110,142,140,150,95,165,110,168,151,34,149,65,72,27,84,57,77,97,147,106,69,129,156,134
occ_img_290.jpg,6,46,46,99,56,122,52,174,38,77,65,51,70,147,62,169,64,112,69,113,98,80,158,103,142,119,142,138,157,101,180,119,180,156,41,152,67,64,48,68,71,65,116,154,112,64,142,154,141
occ_img_291.jpg,6,44,28,95,36,131,38,180,34,78,57,52,64,145,60,169,69,112,61,110,91,75,157,102,150,115,150,142,157,102,167,117,166,163,32,150,69,61,28,70,65,68,104,153,107,59,141,158,141
occ_img_293.jpg,6,48,35,87,39,118,38,174,36,81,58,59,67,143,60,168,68,104,67,102,96,88,155,100,140,116,142,148,163,100,177,118,181,155,33,150,70,61,34,74,69,71,112,153,115,72,139,164,147
occ_img_294.jpg,6,56,40,92,47,116,45,171,36,76,64,59,71,144,61,168,65,102,63,98,97,87,166,96,145,113,146,139,168,96,190,115,193,152,37,150,65,67,41,72,69,71,118,151,119,71,150,155,152
occ_img_295.jpg,6,45,41,96,42,128,41,179,43,77,62,57,70,146,62,166,72,111,63,108,87,83,161,103,146,118,146,138,164,101,177,118,178,162,39,151,71,62,38,72,70,68,116,152,118,67,145,154,148
occ_img_296.jpg,6,47,43,99,38,132,35,163,29,78,64,51,76,140,58,160,65,118,68,130,92,72,166,116,146,133,143,148,160,115,193,133,190,153,29,144,69,64,38,69,76,74,123,150,114,56,150,164,144
occ_img_297.jpg,6,43,35,91,39,125,39,175,34,74,54,53,62,142,54,164,62,109,58,110,84,83,163,103,147,116,149,135,169,100,184,115,186,158,33,148,62,59,33,69,62,67,116,149,117,67,147,151,153
occ_img_298.jpg,6,49,32,96,47,126,47,169,35,78,59,56,64,139,59,161,65,111,64,112,96,77,148,102,143,118,143,139,149,101,162,118,162,154,37,145,67,65,35,72,66,70,103,147,105,61,132,155,133
occ_img_300.jpg,6,52,32,98,33,129,34,168,29,81,56,59,63,142,55,166,61,110,61,109,89,87,162,103,144,115,145,133,164,102,187,116,187,155,28,149,62,67,30,75,64,73,116,146,113,71,146,149,148
occ_img_301.jpg,6,56,28,89,38,120,37,167,29,79,57,61,60,141,58,164,59,103,60,101,94,80,152,96,143,114,143,141,149,96,167,116,167,151,29,148,61,67,29,75,61,72,101,149,101,64,136,157,133
occ_img_713.jpg,6,47,45,90,50,134,51,177,49,77,66,53,73,146,68,167,76,110,70,109,93,83,164,103,137,120,137,138,164,101,200,121,200,162,47,151,75,62,44,70,73,68,127,153,129,67,148,154,148
occ_img_714_1.jpg,6,62,34,102,46,125,49,167,46,84,62,65,63,144,67,163,74,112,65,109,96,76,148,100,141,119,141,146,148,100,168,120,168,152,45,149,73,75,36,79,65,77,105,149,112,60,132,162,132
occ_img_716.jpg,6,44,52,91,52,119,49,166,38,72,72,52,80,139,63,160,65,107,65,113,92,85,157,111,141,127,139,151,148,112,173,129,170,149,39,145,67,60,49,67,78,73,118,153,109,69,141,167,132
occ_img_72.jpg,6,51,37,97,39,131,40,175,37,78,59,57,67,145,60,166,67,113,64,115,94,80,157,102,139,117,140,136,160,99,179,116,179,160,35,150,68,66,35,72,68,70,113,150,114,64,141,152,144
